[{"model": "orders.status", "pk": 1, "fields": {"status": "Оплачен"}}, {"model": "orders.status", "pk": 2, "fields": {"status": "Не оплачен"}}, {"model": "orders.status", "pk": 3, "fields": {"status": "Доставляется"}}, {"model": "orders.status", "pk": 4, "fields": {"status": "Доставлен"}}, {"model": "orders.order", "pk": 1, "fields": {"full_name": "Житков Максим Григорьевич", "phone": "+79210636315", "email": "admin@inbox.ru", "city": "Мурманск", "address": "New York, north Avenue 26/7", "user": 1, "type_payment": "A", "type_delivery": "A", "order_date": "2023-02-04T20:10:47.989Z", "total_price": "264382.00", "status": 1, "paid": true, "comment": null}}, {"model": "orders.order", "pk": 2, "fields": {"full_name": "Житков Максим Григорьевич", "phone": "+79210636315", "email": "admin@inbox.ru", "city": "Мурманск", "address": "New York, north Avenue 26/7", "user": 1, "type_payment": "A", "type_delivery": "A", "order_date": "2023-02-05T13:36:09.581Z", "total_price": "650487.00", "status": 1, "paid": true, "comment": null}}, {"model": "orders.order", "pk": 3, "fields": {"full_name": "Житков Максим Григорьевич", "phone": "+79210636315", "email": "admin@inbox.ru", "city": "Мурманск", "address": "New York, north Avenue 26/7", "user": 1, "type_payment": "A", "type_delivery": "A", "order_date": "2023-02-05T19:29:05.176Z", "total_price": "71999.00", "status": 1, "paid": true, "comment": null}}, {"model": "orders.order", "pk": 4, "fields": {"full_name": "Житков Максим Григорьевич", "phone": "+79210636315", "email": "admin@inbox.ru", "city": "Сочи", "address": "New York, north Avenue 26/7", "user": 1, "type_payment": "A", "type_delivery": "A", "order_date": "2023-02-05T19:31:06.171Z", "total_price": "0.00", "status": 1, "paid": true, "comment": null}}, {"model": "orders.order", "pk": 5, "fields": {"full_name": "Житков Максим Григорьевич", "phone": "+79210636315", "email": "admin@inbox.ru", "city": "Москва", "address": "New York, north Avenue 26/7", "user": 1, "type_payment": "A", "type_delivery": "A", "order_date": "2023-02-05T19:48:10.850Z", "total_price": "13498.00", "status": 1, "paid": true, "comment": null}}, {"model": "orders.order", "pk": 6, "fields": {"full_name": "Житков Максим Григорьевич", "phone": "+79210636320", "email": "m-zhitkov@inbox.ru", "city": "Вологда", "address": "Воркутинская 7", "user": 10, "type_payment": "B", "type_delivery": "B", "order_date": "2023-02-10T18:23:49.224Z", "total_price": "152496.00", "status": 1, "paid": true, "comment": null}}, {"model": "orders.order", "pk": 7, "fields": {"full_name": "Житков Максим Григорьевич", "phone": "+79210636320", "email": "m-zhitkov@inbox.ru", "city": "Вологда", "address": "ojjfvn'aerfnb'soruugnvs'roinb a'erob", "user": 10, "type_payment": "B", "type_delivery": "A", "order_date": "2023-02-10T18:29:51.745Z", "total_price": "260640.00", "status": 1, "paid": true, "comment": null}}, {"model": "orders.order", "pk": 8, "fields": {"full_name": "Федоров Иван Федорович", "phone": "55554522418", "email": "fedos2@mail.com", "city": "Москва", "address": "Кремль, красная площадь", "user": 12, "type_payment": "B", "type_delivery": "A", "order_date": "2023-02-10T18:35:34.115Z", "total_price": "215997.00", "status": 1, "paid": true, "comment": null}}, {"model": "orders.order", "pk": 9, "fields": {"full_name": "Житков Максим Григорьевич", "phone": "+79210636315", "email": "admin@inbox.ru", "city": "Сочи", "address": "New York, north Avenue 26/7", "user": 1, "type_payment": "B", "type_delivery": "A", "order_date": "2023-02-12T12:16:31.253Z", "total_price": "1890.00", "status": 4, "paid": true, "comment": null}}, {"model": "orders.order", "pk": 10, "fields": {"full_name": "Максим Житков Григорьевич", "phone": "+79210636320", "email": "m-zhitkov@inbox.ru", "city": "Вологда", "address": "Воркутинская 7", "user": 10, "type_payment": "A", "type_delivery": "A", "order_date": "2023-02-13T19:49:45.305Z", "total_price": "112696.00", "status": 1, "paid": true, "comment": null}}, {"model": "orders.order", "pk": 11, "fields": {"full_name": "Максим Житков Григорьевич", "phone": "+79210636315", "email": "admin@inbox.ru", "city": "Владивосток", "address": "New York, north Avenue 26/7", "user": 1, "type_payment": "A", "type_delivery": "A", "order_date": "2023-02-25T15:27:18.265Z", "total_price": "54999.00", "status": 1, "paid": true, "comment": null}}, {"model": "orders.order", "pk": 12, "fields": {"full_name": "Максим Житков Григорьевич", "phone": "+79210636315", "email": "admin@inbox.ru", "city": "Вологда", "address": "Ленина, 136, 45", "user": 1, "type_payment": "B", "type_delivery": "B", "order_date": "2023-02-25T15:28:28.766Z", "total_price": "590567.00", "status": 1, "paid": true, "comment": null}}, {"model": "orders.order", "pk": 13, "fields": {"full_name": "Максим Житков Григорьевич", "phone": "+79210636315", "email": "admin@inbox.ru", "city": "Мурманск", "address": "Ленина, 136, 45", "user": 1, "type_payment": "B", "type_delivery": "B", "order_date": "2023-02-25T15:59:39.379Z", "total_price": "11698.00", "status": 2, "paid": false, "comment": null}}, {"model": "orders.order", "pk": 14, "fields": {"full_name": "Максим Житков Григорьевич", "phone": "+79210636315", "email": "admin@inbox.ru", "city": "Кропоткин", "address": "ул Красная 321", "user": 1, "type_payment": "B", "type_delivery": "B", "order_date": "2023-02-26T09:53:02.491Z", "total_price": "45999.00", "status": 2, "paid": false, "comment": null}}, {"model": "orders.order", "pk": 15, "fields": {"full_name": "Максим Житков Григорьевич", "phone": "+79210636315", "email": "admin@inbox.ru", "city": "Краснодар", "address": "Воркутинская 4б, 34", "user": 1, "type_payment": "A", "type_delivery": "A", "order_date": "2023-02-26T09:55:40.235Z", "total_price": "23396.00", "status": 2, "paid": false, "comment": null}}, {"model": "orders.order", "pk": 16, "fields": {"full_name": "Иван Федоров Иванович", "phone": "55554522418", "email": "fedos2@mail.com", "city": "Воронеж", "address": "Ул Садовая 123, кв22", "user": 12, "type_payment": "B", "type_delivery": "B", "order_date": "2023-02-26T13:22:41.374Z", "total_price": "189.00", "status": 2, "paid": false, "comment": "Ошибка соединения с платежной системой"}}, {"model": "orders.order", "pk": 17, "fields": {"full_name": "Максим Житков Григорьевич", "phone": "+79210636315", "email": "admin@inbox.ru", "city": "Череповец", "address": "Ул. Сталеваров 156, кв 34", "user": 1, "type_payment": "B", "type_delivery": "B", "order_date": "2023-02-26T14:30:51.044Z", "total_price": "378.00", "status": 2, "paid": false, "comment": null}}, {"model": "orders.order", "pk": 18, "fields": {"full_name": "Максим Житков Григорьевич", "phone": "+79210636315", "email": "admin@inbox.ru", "city": "Череповец", "address": "Ул. Сталеваров 156, кв 34", "user": 1, "type_payment": "B", "type_delivery": "B", "order_date": "2023-02-26T14:31:44.307Z", "total_price": "378.00", "status": 2, "paid": false, "comment": null}}, {"model": "orders.order", "pk": 19, "fields": {"full_name": "Максим Житков Григорьевич", "phone": "+79210636315", "email": "admin@inbox.ru", "city": "Вологда", "address": "Воркутинская 7", "user": 1, "type_payment": "B", "type_delivery": "B", "order_date": "2023-02-26T14:32:41.171Z", "total_price": "567.00", "status": 2, "paid": false, "comment": null}}, {"model": "orders.order", "pk": 20, "fields": {"full_name": "Иван Федоров Иванович", "phone": "55554522418", "email": "fedos2@mail.com", "city": "Волгоград", "address": "ул, Садовая 122б, 34", "user": 12, "type_payment": "B", "type_delivery": "B", "order_date": "2023-02-26T14:39:45.261Z", "total_price": "17878.00", "status": 2, "paid": false, "comment": null}}, {"model": "orders.order", "pk": 21, "fields": {"full_name": "Максим Житков Григорьевич", "phone": "+79210636315", "email": "admin@inbox.ru", "city": "Владивосток", "address": "Ленина, 136, 45", "user": 1, "type_payment": "B", "type_delivery": "B", "order_date": "2023-03-01T19:43:34.468Z", "total_price": "101187.00", "status": 2, "paid": false, "comment": null}}, {"model": "orders.order", "pk": 22, "fields": {"full_name": "Максим Житков Григорьевич", "phone": "+79210636315", "email": "admin@inbox.ru", "city": "Владивосток", "address": "Ленина, 136, 45", "user": 1, "type_payment": "B", "type_delivery": "A", "order_date": "2023-03-01T20:01:38.726Z", "total_price": "140695.00", "status": 2, "paid": false, "comment": null}}, {"model": "orders.order", "pk": 23, "fields": {"full_name": "Иван Федоров Иванович", "phone": "55554522418", "email": "fedos2@mail.com", "city": "Сочи", "address": "уисжшгйкимсжшг", "user": 12, "type_payment": "B", "type_delivery": "A", "order_date": "2023-03-01T20:03:18.567Z", "total_price": "236375.00", "status": 2, "paid": false, "comment": null}}, {"model": "orders.order", "pk": 24, "fields": {"full_name": "Максим Житков Григорьевич", "phone": "+79210636315", "email": "admin@inbox.ru", "city": "Вологда", "address": "New York, north Avenue 26/7", "user": 1, "type_payment": "B", "type_delivery": "A", "order_date": "2023-03-01T20:08:17.987Z", "total_price": "27999.00", "status": 2, "paid": false, "comment": null}}, {"model": "orders.order", "pk": 25, "fields": {"full_name": "Максим Житков Григорьевич", "phone": "+79210636315", "email": "admin@inbox.ru", "city": "Омск", "address": "Ленина, 136, 45", "user": 1, "type_payment": "B", "type_delivery": "A", "order_date": "2023-03-01T20:09:38.633Z", "total_price": "68399.05", "status": 2, "paid": false, "comment": null}}, {"model": "orders.order", "pk": 26, "fields": {"full_name": "Максим Житков Григорьевич", "phone": "+79210636315", "email": "admin@inbox.ru", "city": "Москва", "address": "New York, north Avenue 26/7", "user": 1, "type_payment": "B", "type_delivery": "B", "order_date": "2023-03-01T20:10:33.044Z", "total_price": "54999.00", "status": 2, "paid": false, "comment": null}}, {"model": "orders.order", "pk": 27, "fields": {"full_name": "Иван Федоров Иванович", "phone": "55554522418", "email": "fedos2@mail.com", "city": "Сочи", "address": "овосоараир", "user": 12, "type_payment": "B", "type_delivery": "A", "order_date": "2023-03-01T20:36:34.197Z", "total_price": "45999.00", "status": 2, "paid": false, "comment": null}}, {"model": "orders.order", "pk": 28, "fields": {"full_name": "Иван Федоров Иванович", "phone": "55554522418", "email": "fedos2@mail.com", "city": "Воркута", "address": "Воркутинская 99б. 44", "user": 12, "type_payment": "B", "type_delivery": "B", "order_date": "2023-03-02T19:03:19.043Z", "total_price": "45999.00", "status": 2, "paid": false, "comment": null}}, {"model": "orders.order", "pk": 29, "fields": {"full_name": "Иван Федоров Иванович", "phone": "55554522418", "email": "fedos2@mail.com", "city": "Сочи", "address": "Мира 48, 90", "user": 12, "type_payment": "B", "type_delivery": "B", "order_date": "2023-03-02T19:05:17.734Z", "total_price": "7759.03", "status": 1, "paid": true, "comment": null}}, {"model": "orders.order", "pk": 30, "fields": {"full_name": "Иван Федоров Иванович", "phone": "55554522418", "email": "fedos2@mail.com", "city": "Сочи", "address": "Мира", "user": 12, "type_payment": "B", "type_delivery": "B", "order_date": "2023-03-02T19:31:18.034Z", "total_price": "35758.03", "status": 2, "paid": false, "comment": null}}, {"model": "orders.order", "pk": 31, "fields": {"full_name": "Иван Федоров Иванович", "phone": "55554522418", "email": "fedos2@mail.com", "city": "Вологда", "address": "ул Клубова 87б, кв102", "user": 12, "type_payment": "B", "type_delivery": "A", "order_date": "2023-03-03T19:48:30.027Z", "total_price": "45999.00", "status": 1, "paid": true, "comment": null}}, {"model": "orders.order", "pk": 32, "fields": {"full_name": "Иван Федоров Иванович", "phone": "55554522418", "email": "fedos2@mail.com", "city": "Сочи", "address": "Какой-то адрес", "user": 12, "type_payment": "B", "type_delivery": "A", "order_date": "2023-03-03T19:51:32.269Z", "total_price": "45999.00", "status": 1, "paid": true, "comment": null}}, {"model": "orders.order", "pk": 33, "fields": {"full_name": "Максим Житков Григорьевич", "phone": "+79210636315", "email": "admin@inbox.ru", "city": "Череповец", "address": "Ул. Сталеваров 156, кв 34", "user": 1, "type_payment": "B", "type_delivery": "A", "order_date": "2023-03-04T20:03:06.587Z", "total_price": "76998.00", "status": 1, "paid": true, "comment": null}}, {"model": "orders.order", "pk": 34, "fields": {"full_name": "Максим Житков Петрович", "phone": "+79210636315", "email": "admin@inbox.ru", "city": "Москва", "address": "New York, north Avenue 26/7", "user": 1, "type_payment": "A", "type_delivery": "B", "order_date": "2023-03-05T15:57:21.397Z", "total_price": "87491.00", "status": 2, "paid": false, "comment": null}}, {"model": "orders.order", "pk": 35, "fields": {"full_name": "Максим Житков Петрович", "phone": "+79210636315", "email": "admin@inbox.ru", "city": "Череповец", "address": "Ул. Сталеваров 156, кв 34", "user": 1, "type_payment": "B", "type_delivery": "A", "order_date": "2023-03-05T16:36:25.403Z", "total_price": "27999.00", "status": 2, "paid": false, "comment": null}}, {"model": "orders.order", "pk": 36, "fields": {"full_name": "Житков Максим Григорьевич", "phone": "+79210636320", "email": "m-zhitkov@inbox.ru", "city": "Вологда", "address": "Воркутинская 7", "user": 10, "type_payment": "B", "type_delivery": "A", "order_date": "2023-03-05T20:04:07.091Z", "total_price": "23189.00", "status": 2, "paid": false, "comment": null}}, {"model": "orders.order", "pk": 37, "fields": {"full_name": "Житков Максим Петрович", "phone": "+79210636315", "email": "admin@inbox.ru", "city": "Владивосток", "address": "Ленина, 136, 45", "user": 1, "type_payment": "A", "type_delivery": "B", "order_date": "2023-03-06T17:02:10.989Z", "total_price": "27999.00", "status": 2, "paid": false, "comment": null}}, {"model": "orders.order", "pk": 38, "fields": {"full_name": "Житков Максим Петрович", "phone": "+79210636315", "email": "admin@inbox.ru", "city": "Мурманск", "address": "Ленина, 136, 45", "user": 1, "type_payment": "B", "type_delivery": "B", "order_date": "2023-03-06T17:11:22.517Z", "total_price": "189.00", "status": 2, "paid": false, "comment": null}}, {"model": "orders.order", "pk": 39, "fields": {"full_name": "Житков Максим Петрович", "phone": "+79210636315", "email": "admin@inbox.ru", "city": "Мурманск", "address": "Ленина, 136, 45", "user": 1, "type_payment": "A", "type_delivery": "B", "order_date": "2023-03-06T17:14:28.795Z", "total_price": "1599.00", "status": 1, "paid": true, "comment": "Недостаточно средств"}}, {"model": "orders.order", "pk": 40, "fields": {"full_name": "Житков Максим Петрович", "phone": "+79210636315", "email": "admin@inbox.ru", "city": "Мурманск", "address": "New York, north Avenue 26/7", "user": 1, "type_payment": "B", "type_delivery": "B", "order_date": "2023-03-06T18:30:24.271Z", "total_price": "47187.00", "status": 2, "paid": false, "comment": "Сервер занят попробуйте позже"}}, {"model": "orders.order", "pk": 41, "fields": {"full_name": "Житков Максим Петрович", "phone": "+79210636315", "email": "admin@inbox.ru", "city": "Москва", "address": "Ленина, 136, 45", "user": 1, "type_payment": "B", "type_delivery": "B", "order_date": "2023-03-10T17:23:33.202Z", "total_price": "68399.05", "status": 1, "paid": true, "comment": null}}, {"model": "orders.order", "pk": 42, "fields": {"full_name": "Житков Максим Петрович", "phone": "+79210636315", "email": "admin@inbox.ru", "city": "Москва", "address": "Ленина, 136, 45", "user": 1, "type_payment": "B", "type_delivery": "A", "order_date": "2023-03-12T09:05:26.535Z", "total_price": "57697.00", "status": 1, "paid": true, "comment": null}}, {"model": "orders.order", "pk": 43, "fields": {"full_name": "Житков Максим Петрович", "phone": "+79210636315", "email": "admin@inbox.ru", "city": "Сочи", "address": "Ленина, 136, 45", "user": 1, "type_payment": "B", "type_delivery": "B", "order_date": "2023-03-15T20:08:19.685Z", "total_price": "77798.30", "status": 1, "paid": true, "comment": null}}, {"model": "orders.order", "pk": 44, "fields": {"full_name": "Федоров Иван Иванович", "phone": "55554522418", "email": "fedos2@mail.com", "city": "Сокол", "address": "Розы Люксенбург 23, кв124", "user": 12, "type_payment": "A", "type_delivery": "A", "order_date": "2023-03-16T17:32:14.025Z", "total_price": "7759.03", "status": 1, "paid": true, "comment": null}}, {"model": "orders.order", "pk": 45, "fields": {"full_name": "Житков Максим Григорьевич", "phone": "+79210636315", "email": "admin@inbox.ru", "city": "Вологда", "address": "Ленина, 136, 45", "user": 1, "type_payment": "B", "type_delivery": "A", "order_date": "2023-03-16T17:33:22.507Z", "total_price": "45999.00", "status": 1, "paid": true, "comment": null}}, {"model": "orders.order", "pk": 46, "fields": {"full_name": "Житков Максим Петрович", "phone": "+79210636315", "email": "admin@inbox.ru", "city": "Вологда", "address": "Ленина, 136, 45", "user": 1, "type_payment": "A", "type_delivery": "B", "order_date": "2023-03-17T18:50:59.164Z", "total_price": "7759.03", "status": 1, "paid": true, "comment": null}}, {"model": "orders.order", "pk": 47, "fields": {"full_name": "Житков Максим Петрович", "phone": "+79210636315", "email": "admin@inbox.ru", "city": "Вологда", "address": "Ленина, 136, 45", "user": 1, "type_payment": "B", "type_delivery": "B", "order_date": "2023-03-17T20:27:32.236Z", "total_price": "71999.00", "status": 1, "paid": true, "comment": null}}, {"model": "orders.order", "pk": 48, "fields": {"full_name": "Житков Максим Максимович", "phone": "+79210636315", "email": "admin@inbox.ru", "city": "Вологда", "address": "Ленина, 136, 45", "user": 1, "type_payment": "B", "type_delivery": "B", "order_date": "2023-03-20T20:26:45.563Z", "total_price": "5499.00", "status": 1, "paid": true, "comment": null}}, {"model": "orders.order", "pk": 49, "fields": {"full_name": "Житков Максим Максимович", "phone": "+79210636315", "email": "admin@inbox.ru", "city": "Череповец", "address": "Ул. Сталеваров 156, кв 34", "user": 1, "type_payment": "B", "type_delivery": "B", "order_date": "2023-03-25T15:51:25.508Z", "total_price": "7999.00", "status": 1, "paid": true, "comment": null}}, {"model": "orders.order", "pk": 50, "fields": {"full_name": "Житков Максим Максимович", "phone": "+79210636315", "email": "admin@inbox.ru", "city": "Вологда", "address": "New York, north Avenue 26/7", "user": 1, "type_payment": "B", "type_delivery": "B", "order_date": "2023-03-26T11:04:08.078Z", "total_price": "248414.15", "status": 1, "paid": true, "comment": null}}, {"model": "orders.order", "pk": 51, "fields": {"full_name": "Житков Максим Григорьевич", "phone": "+79210636320", "email": "m-zhitkov@inbox.ru", "city": "Вологда", "address": "Карла Маркса 121 кв 122", "user": 10, "type_payment": "B", "type_delivery": "A", "order_date": "2023-03-26T16:12:03.381Z", "total_price": "4848.10", "status": 1, "paid": true, "comment": null}}, {"model": "orders.order", "pk": 52, "fields": {"full_name": "Житков Максим Максимович", "phone": "+79210636315", "email": "admin@inbox.ru", "city": "Сокол", "address": "Ул Красная 123, кв23", "user": 1, "type_payment": "A", "type_delivery": "B", "order_date": "2023-03-27T18:51:17.015Z", "total_price": "189.00", "status": 1, "paid": true, "comment": null}}, {"model": "orders.order", "pk": 53, "fields": {"full_name": "Сидоров Максим Максимович", "phone": "+79210636315", "email": "admin@inbox.ru", "city": "Минск", "address": "Ленина, 136, 47", "user": 1, "type_payment": "A", "type_delivery": "A", "order_date": "2023-03-29T08:39:53.417Z", "total_price": "75392.05", "status": 1, "paid": true, "comment": null}}, {"model": "orders.detailorder", "pk": 1, "fields": {"order": 1, "product": 3, "quantity": 1, "price": "71999.00"}}, {"model": "orders.detailorder", "pk": 2, "fields": {"order": 1, "product": 1, "quantity": 1, "price": "7999.00"}}, {"model": "orders.detailorder", "pk": 3, "fields": {"order": 1, "product": 6, "quantity": 1, "price": "5499.00"}}, {"model": "orders.detailorder", "pk": 4, "fields": {"order": 1, "product": 4, "quantity": 1, "price": "11698.00"}}, {"model": "orders.detailorder", "pk": 5, "fields": {"order": 1, "product": 7, "quantity": 1, "price": "54999.00"}}, {"model": "orders.detailorder", "pk": 6, "fields": {"order": 1, "product": 2, "quantity": 1, "price": "53999.00"}}, {"model": "orders.detailorder", "pk": 7, "fields": {"order": 1, "product": 5, "quantity": 1, "price": "12190.00"}}, {"model": "orders.detailorder", "pk": 8, "fields": {"order": 1, "product": 8, "quantity": 1, "price": "45999.00"}}, {"model": "orders.detailorder", "pk": 9, "fields": {"order": 2, "product": 6, "quantity": 1, "price": "5499.00"}}, {"model": "orders.detailorder", "pk": 10, "fields": {"order": 2, "product": 1, "quantity": 1, "price": "7999.00"}}, {"model": "orders.detailorder", "pk": 11, "fields": {"order": 2, "product": 3, "quantity": 4, "price": "71999.00"}}, {"model": "orders.detailorder", "pk": 12, "fields": {"order": 2, "product": 7, "quantity": 3, "price": "54999.00"}}, {"model": "orders.detailorder", "pk": 13, "fields": {"order": 2, "product": 8, "quantity": 4, "price": "45999.00"}}, {"model": "orders.detailorder", "pk": 14, "fields": {"order": 3, "product": 3, "quantity": 1, "price": "71999.00"}}, {"model": "orders.detailorder", "pk": 15, "fields": {"order": 5, "product": 1, "quantity": 1, "price": "7999.00"}}, {"model": "orders.detailorder", "pk": 16, "fields": {"order": 5, "product": 6, "quantity": 1, "price": "5499.00"}}, {"model": "orders.detailorder", "pk": 17, "fields": {"order": 6, "product": 8, "quantity": 2, "price": "45999.00"}}, {"model": "orders.detailorder", "pk": 18, "fields": {"order": 6, "product": 7, "quantity": 1, "price": "54999.00"}}, {"model": "orders.detailorder", "pk": 19, "fields": {"order": 6, "product": 6, "quantity": 1, "price": "5499.00"}}, {"model": "orders.detailorder", "pk": 20, "fields": {"order": 7, "product": 6, "quantity": 2, "price": "5499.00"}}, {"model": "orders.detailorder", "pk": 21, "fields": {"order": 7, "product": 10, "quantity": 2, "price": "189.00"}}, {"model": "orders.detailorder", "pk": 22, "fields": {"order": 7, "product": 9, "quantity": 1, "price": "27999.00"}}, {"model": "orders.detailorder", "pk": 23, "fields": {"order": 7, "product": 8, "quantity": 1, "price": "45999.00"}}, {"model": "orders.detailorder", "pk": 24, "fields": {"order": 7, "product": 7, "quantity": 1, "price": "54999.00"}}, {"model": "orders.detailorder", "pk": 25, "fields": {"order": 7, "product": 5, "quantity": 3, "price": "12190.00"}}, {"model": "orders.detailorder", "pk": 26, "fields": {"order": 7, "product": 3, "quantity": 1, "price": "71999.00"}}, {"model": "orders.detailorder", "pk": 27, "fields": {"order": 7, "product": 4, "quantity": 1, "price": "11698.00"}}, {"model": "orders.detailorder", "pk": 28, "fields": {"order": 8, "product": 3, "quantity": 3, "price": "71999.00"}}, {"model": "orders.detailorder", "pk": 29, "fields": {"order": 9, "product": 10, "quantity": 10, "price": "189.00"}}, {"model": "orders.detailorder", "pk": 30, "fields": {"order": 10, "product": 7, "quantity": 1, "price": "54999.00"}}, {"model": "orders.detailorder", "pk": 31, "fields": {"order": 10, "product": 8, "quantity": 1, "price": "45999.00"}}, {"model": "orders.detailorder", "pk": 32, "fields": {"order": 10, "product": 4, "quantity": 1, "price": "11698.00"}}, {"model": "orders.detailorder", "pk": 33, "fields": {"order": 11, "product": 7, "quantity": 1, "price": "54999.00"}}, {"model": "orders.detailorder", "pk": 34, "fields": {"order": 12, "product": 10, "quantity": 1, "price": "189.00"}}, {"model": "orders.detailorder", "pk": 35, "fields": {"order": 12, "product": 9, "quantity": 1, "price": "27999.00"}}, {"model": "orders.detailorder", "pk": 36, "fields": {"order": 12, "product": 8, "quantity": 1, "price": "45999.00"}}, {"model": "orders.detailorder", "pk": 37, "fields": {"order": 12, "product": 7, "quantity": 1, "price": "54999.00"}}, {"model": "orders.detailorder", "pk": 38, "fields": {"order": 12, "product": 6, "quantity": 1, "price": "5499.00"}}, {"model": "orders.detailorder", "pk": 39, "fields": {"order": 12, "product": 5, "quantity": 1, "price": "12190.00"}}, {"model": "orders.detailorder", "pk": 40, "fields": {"order": 12, "product": 4, "quantity": 1, "price": "11698.00"}}, {"model": "orders.detailorder", "pk": 41, "fields": {"order": 12, "product": 3, "quantity": 6, "price": "71999.00"}}, {"model": "orders.detailorder", "pk": 42, "fields": {"order": 13, "product": 4, "quantity": 1, "price": "11698.00"}}, {"model": "orders.detailorder", "pk": 43, "fields": {"order": 14, "product": 8, "quantity": 1, "price": "45999.00"}}, {"model": "orders.detailorder", "pk": 44, "fields": {"order": 15, "product": 4, "quantity": 2, "price": "11698.00"}}, {"model": "orders.detailorder", "pk": 45, "fields": {"order": 16, "product": 10, "quantity": 1, "price": "189.00"}}, {"model": "orders.detailorder", "pk": 46, "fields": {"order": 18, "product": 10, "quantity": 2, "price": "189.00"}}, {"model": "orders.detailorder", "pk": 47, "fields": {"order": 19, "product": 10, "quantity": 3, "price": "189.00"}}, {"model": "orders.detailorder", "pk": 48, "fields": {"order": 20, "product": 5, "quantity": 1, "price": "12190.00"}}, {"model": "orders.detailorder", "pk": 49, "fields": {"order": 20, "product": 6, "quantity": 1, "price": "5499.00"}}, {"model": "orders.detailorder", "pk": 50, "fields": {"order": 20, "product": 10, "quantity": 1, "price": "189.00"}}, {"model": "orders.detailorder", "pk": 51, "fields": {"order": 21, "product": 10, "quantity": 1, "price": "189.00"}}, {"model": "orders.detailorder", "pk": 52, "fields": {"order": 21, "product": 8, "quantity": 1, "price": "45999.00"}}, {"model": "orders.detailorder", "pk": 53, "fields": {"order": 21, "product": 7, "quantity": 1, "price": "54999.00"}}, {"model": "orders.detailorder", "pk": 54, "fields": {"order": 22, "product": 4, "quantity": 1, "price": "11698.00"}}, {"model": "orders.detailorder", "pk": 55, "fields": {"order": 22, "product": 7, "quantity": 1, "price": "54999.00"}}, {"model": "orders.detailorder", "pk": 56, "fields": {"order": 22, "product": 8, "quantity": 1, "price": "45999.00"}}, {"model": "orders.detailorder", "pk": 57, "fields": {"order": 22, "product": 9, "quantity": 1, "price": "27999.00"}}, {"model": "orders.detailorder", "pk": 58, "fields": {"order": 23, "product": 8, "quantity": 4, "price": "45999.00"}}, {"model": "orders.detailorder", "pk": 59, "fields": {"order": 23, "product": 9, "quantity": 1, "price": "27999.00"}}, {"model": "orders.detailorder", "pk": 60, "fields": {"order": 23, "product": 5, "quantity": 2, "price": "12190.00"}}, {"model": "orders.detailorder", "pk": 61, "fields": {"order": 24, "product": 9, "quantity": 1, "price": "27999.00"}}, {"model": "orders.detailorder", "pk": 62, "fields": {"order": 25, "product": 3, "quantity": 1, "price": "68399.05"}}, {"model": "orders.detailorder", "pk": 63, "fields": {"order": 26, "product": 7, "quantity": 1, "price": "54999.00"}}, {"model": "orders.detailorder", "pk": 64, "fields": {"order": 27, "product": 8, "quantity": 1, "price": "45999.00"}}, {"model": "orders.detailorder", "pk": 65, "fields": {"order": 28, "product": 8, "quantity": 1, "price": "45999.00"}}, {"model": "orders.detailorder", "pk": 66, "fields": {"order": 29, "product": 1, "quantity": 1, "price": "7759.03"}}, {"model": "orders.detailorder", "pk": 67, "fields": {"order": 30, "product": 9, "quantity": 1, "price": "27999.00"}}, {"model": "orders.detailorder", "pk": 68, "fields": {"order": 30, "product": 1, "quantity": 1, "price": "7759.03"}}, {"model": "orders.detailorder", "pk": 69, "fields": {"order": 31, "product": 8, "quantity": 1, "price": "45999.00"}}, {"model": "orders.detailorder", "pk": 70, "fields": {"order": 32, "product": 8, "quantity": 1, "price": "45999.00"}}, {"model": "orders.detailorder", "pk": 71, "fields": {"order": 33, "product": 8, "quantity": 1, "price": "45999.00"}}, {"model": "orders.detailorder", "pk": 72, "fields": {"order": 33, "product": 14, "quantity": 1, "price": "30999.00"}}, {"model": "orders.detailorder", "pk": 73, "fields": {"order": 34, "product": 15, "quantity": 1, "price": "39999.00"}}, {"model": "orders.detailorder", "pk": 74, "fields": {"order": 34, "product": 14, "quantity": 1, "price": "30999.00"}}, {"model": "orders.detailorder", "pk": 75, "fields": {"order": 34, "product": 24, "quantity": 1, "price": "9999.00"}}, {"model": "orders.detailorder", "pk": 76, "fields": {"order": 34, "product": 23, "quantity": 2, "price": "1499.00"}}, {"model": "orders.detailorder", "pk": 77, "fields": {"order": 34, "product": 22, "quantity": 1, "price": "1299.00"}}, {"model": "orders.detailorder", "pk": 78, "fields": {"order": 34, "product": 21, "quantity": 2, "price": "699.00"}}, {"model": "orders.detailorder", "pk": 79, "fields": {"order": 34, "product": 20, "quantity": 1, "price": "799.00"}}, {"model": "orders.detailorder", "pk": 80, "fields": {"order": 35, "product": 9, "quantity": 1, "price": "27999.00"}}, {"model": "orders.detailorder", "pk": 81, "fields": {"order": 36, "product": 5, "quantity": 1, "price": "12190.00"}}, {"model": "orders.detailorder", "pk": 82, "fields": {"order": 36, "product": 12, "quantity": 1, "price": "10999.00"}}, {"model": "orders.detailorder", "pk": 83, "fields": {"order": 37, "product": 9, "quantity": 1, "price": "27999.00"}}, {"model": "orders.detailorder", "pk": 84, "fields": {"order": 38, "product": 10, "quantity": 1, "price": "189.00"}}, {"model": "orders.detailorder", "pk": 85, "fields": {"order": 39, "product": 26, "quantity": 1, "price": "1599.00"}}, {"model": "orders.detailorder", "pk": 86, "fields": {"order": 40, "product": 10, "quantity": 1, "price": "189.00"}}, {"model": "orders.detailorder", "pk": 87, "fields": {"order": 40, "product": 8, "quantity": 1, "price": "45999.00"}}, {"model": "orders.detailorder", "pk": 88, "fields": {"order": 40, "product": 13, "quantity": 1, "price": "999.00"}}, {"model": "orders.detailorder", "pk": 89, "fields": {"order": 41, "product": 3, "quantity": 1, "price": "68399.05"}}, {"model": "orders.detailorder", "pk": 90, "fields": {"order": 42, "product": 4, "quantity": 1, "price": "11698.00"}}, {"model": "orders.detailorder", "pk": 91, "fields": {"order": 42, "product": 8, "quantity": 1, "price": "45999.00"}}, {"model": "orders.detailorder", "pk": 92, "fields": {"order": 43, "product": 15, "quantity": 1, "price": "39999.00"}}, {"model": "orders.detailorder", "pk": 93, "fields": {"order": 43, "product": 2, "quantity": 1, "price": "37799.30"}}, {"model": "orders.detailorder", "pk": 94, "fields": {"order": 44, "product": 1, "quantity": 1, "price": "7759.03"}}, {"model": "orders.detailorder", "pk": 95, "fields": {"order": 45, "product": 8, "quantity": 1, "price": "45999.00"}}, {"model": "orders.detailorder", "pk": 96, "fields": {"order": 46, "product": 1, "quantity": 1, "price": "7759.03"}}, {"model": "orders.detailorder", "pk": 97, "fields": {"order": 47, "product": 3, "quantity": 1, "price": "71999.00"}}, {"model": "orders.detailorder", "pk": 98, "fields": {"order": 48, "product": 6, "quantity": 1, "price": "5499.00"}}, {"model": "orders.detailorder", "pk": 99, "fields": {"order": 49, "product": 1, "quantity": 1, "price": "7999.00"}}, {"model": "orders.detailorder", "pk": 100, "fields": {"order": 50, "product": 23, "quantity": 1, "price": "1349.10"}}, {"model": "orders.detailorder", "pk": 101, "fields": {"order": 50, "product": 8, "quantity": 1, "price": "45999.00"}}, {"model": "orders.detailorder", "pk": 102, "fields": {"order": 50, "product": 4, "quantity": 1, "price": "11698.00"}}, {"model": "orders.detailorder", "pk": 103, "fields": {"order": 50, "product": 7, "quantity": 2, "price": "54999.00"}}, {"model": "orders.detailorder", "pk": 104, "fields": {"order": 50, "product": 3, "quantity": 1, "price": "68399.05"}}, {"model": "orders.detailorder", "pk": 105, "fields": {"order": 50, "product": 5, "quantity": 1, "price": "10971.00"}}, {"model": "orders.detailorder", "pk": 106, "fields": {"order": 51, "product": 23, "quantity": 1, "price": "1349.10"}}, {"model": "orders.detailorder", "pk": 107, "fields": {"order": 51, "product": 25, "quantity": 1, "price": "3499.00"}}, {"model": "orders.detailorder", "pk": 108, "fields": {"order": 52, "product": 10, "quantity": 1, "price": "189.00"}}, {"model": "orders.detailorder", "pk": 109, "fields": {"order": 53, "product": 3, "quantity": 1, "price": "68399.05"}}, {"model": "orders.detailorder", "pk": 110, "fields": {"order": 53, "product": 37, "quantity": 7, "price": "999.00"}}]